ID,발행일,연도,매체,기사제목,대상국,세부지역,기사초점,WNI수(기사표기),모집플랫폼,약속직무,보상표현,이동경로,강제성/착취,프레이밍,TPPO 언급,정부/기관 대응,연구우선순위,코딩깊이,접근상태,출처URL,근거요약,사건군,비고
A001,2022-08-05,2022,ANTARA 지역판,12 WNI korban penipuan kerja online di Kamboja tiba di tanah air,캄보디아,,사례/송환,12,,,,,,피해자,가능성/선별,송환,중,메타,검색결과 확인,https://jabar.antaranews.com/berita/397865/12-wni-korban-penipuan-kerja-online-di-kamboja-tiba-di-tanah-air?page=all,,KH-2022-08,
A002,2022-08-08,2022,ANTARA 지역판,Kemlu kembali pulangkan 14 WNI korban online scam dari Kamboja,캄보디아,,송환/보호,14,,,,,,피해자,없음,송환,중,메타,검색결과 확인,https://megapolitan.antaranews.com/berita/206197/kemlu-kembali-pulangkan-14-wni-korban-online-scam-dari-kamboja-melalui-bandara-seetta,,KH-2022-08,
T001,2022-08-09,2022,Tirto,Kemlu pulangkan 14 WNI korban penipuan dari Kamboja,캄보디아,,송환,14,,,,,,피해자,가능성/선별,송환,중,메타,검색결과 확인,https://tirto.id/kemlu-pulangkan-14-wni-korban-penipuan-dari-kamboja-guXo,,KH-2022-08,
A003,2022-10-07,2022,ANTARA,Sebanyak 934 WNI jadi korban online scam di Asia Tenggara,동남아 다국가,,규모/통계,934,,,,,,피해자,명시,영사보호·경고,중,메타,검색결과 확인,https://www.antaranews.com/berita/3165793/sebanyak-934-wni-jadi-korban-online-scam-di-asia-tenggara,캄보디아·미얀마·필리핀·라오스·태국 등에서 보고된 인도네시아인 사례를 집계한다.,REG-2022,
S001,2022-10-07,2022,Suara,Sebanyak 934 WNI jadi korban online scam di Asia Tenggara,동남아 다국가,,규모/통계,934,소셜미디어 구인,,,,,피해자,명시,경고,중,메타,검색결과 확인,https://www.suara.com/tekno/2022/10/07/224052/sebanyak-934-wni-jadi-korban-online-scam-di-asia-tenggara,,REG-2022,
C001,2022-12-12,2022,CNN Indonesia,34 WNI korban perusahaan scam di Kamboja diselamatkan,캄보디아,,구조/보호,34,,,,,,피해자,가능성/선별,구조·영사보호,중,메타,링크 확인(본문 미검증),https://www.cnnindonesia.com/internasional/20221212065826-106-886116/34-wni-korban-perusahaan-scam-di-kamboja-diselamatkan,,KH-34-2022,
A004,2023-02-11,2023,ANTARA,Jumlah WNI korban online scam di luar negeri meningkat,동남아 다국가,,규모/통계,"1,185(2022)",,,,,,피해자,가능성/선별,외교부 집계,중,메타,검색결과 확인,https://www.antaranews.com/berita/3391059/jumlah-wni-korban-online-scam-di-luar-negeri-meningkat,"2022년 캄보디아 864명, 미얀마 81명, 필리핀 107명, 라오스 102명, 태국 31명으로 보도한다.",REG-2023,
C002,2023-05-05,2023,CNN Indonesia,Menlu klaim perdagangan manusia kian subur di Asia Tenggara,동남아 다국가,,정책/지역구조,,,,,,,구조/정책,명시,ASEAN 협력 촉구,중,메타,검색결과 확인,https://www.cnnindonesia.com/internasional/20230505164025-106-945839/menlu-klaim-perdagangan-manusia-kian-subur-di-asia-tenggara,,ASEAN-2023,
C003,2023-05-05,2023,CNN Indonesia,KBRI Manila evakuasi 143 WNI korban online scam,필리핀,,구조/송환,143,,,,,,피해자,명시,대피·송환,중,메타,링크 확인(본문 미검증),https://www.cnnindonesia.com/internasional/20230505164445-106-945841/kbri-manila-evakuasi-143-wni-korban-online-scam,,PH-143-2023,
L001,2023-05-05,2023,Liputan6,Pria 39 tahun ditangkap polisi karena praktek TPPO ke Kamboja,캄보디아,,모집/브로커,,다수 소셜미디어,,고임금,,,피해자,명시,모집책 체포,상,부분,검색결과 확인,https://www.liputan6.com/news/read/5278225/pria-39-tahun-ditangkap-polisi-karena-praktek-tppo-ke-kamboja,,RECRUITER-KH-2023,
A005,2023-05-06,2023,ANTARA,Menlu Retno soroti besarnya dampak TPPO dalam kasus online scam,동남아 다국가,,정책/TPPO,"1,841",,,,,,구조/정책,명시,ASEAN 공조 촉구,중,메타,검색결과 확인,https://www.antaranews.com/berita/3523485/menlu-retno-soroti-besarnya-dampak-tppo-dalam-kasus-online-scam,,ASEAN-2023,
C004,2023-05-08,2023,CNN Indonesia,Jokowi soal perdagangan orang: WNI jadi korban terbesar di ASEAN,동남아 다국가,,정책/지역구조,,,,,,,피해자,명시,ASEAN 의제화,중,메타,검색결과 확인,https://www.cnnindonesia.com/internasional/20230508142706-106-946737/jokowi-soal-perdagangan-orang-wni-jadi-korban-terbesar-di-asean,,ASEAN-2023,
D001,2023-05-08,2023,Detik,"Gandeng polisi Filipina, Polri ungkap kasus kejahatan scam internasional",필리핀,,단속/구조,155,,,,,,피해자,명시,양국 경찰 공조·구조,중,메타,검색결과 확인,https://news.detik.com/berita/d-6710185/gandeng-polisi-filipina-polri-ungkap-kasus-kejahatan-scam-internasional,,PH-2023,
D002,2023-05-16,2023,Detik,Tersangka TPPO di Myanmar iming-imingi 25 WNI gaji Rp 12 juta,미얀마,Myawaddy,모집/착취,25,,,월 Rp12백만,태국 경유·비공식 국경이동,12시간 노동·무장경비·감금·임금 미지급·폭행/전기충격,피해자,명시,모집책 수사,상,심층,본문 확인,https://news.detik.com/berita/d-6723724/tersangka-tppo-di-myanmar-iming-imingi-25-wni-gaji-rp-12-juta,고임금 약속 뒤 폐쇄된 작업장에 수용되어 사기노동과 폭력을 겪은 사례다.,MY-25-2023,
D003,2023-05-17,2023,Detik,5 fakta sejoli tega bikin WNI korban TPPO di Myanmar disiksa,미얀마,,착취/폭력,,,,,,감금·폭행·전기충격,피해자,명시,경찰 수사,상,부분,검색결과 확인,https://news.detik.com/berita/d-6724375/5-fakta-sejoli-tega-bikin-wni-korban-tppo-di-myanmar-disiksa,,MY-25-2023,
C005,2023-05-26,2023,CNN Indonesia,"45 WNI jadi korban perusahaan scammer, KBRI Laos desak tindak lanjut",라오스,,착취/보호,45,,,,,여권 보관·귀환 제한,피해자,가능성/선별,KBRI 조치 요구,상,부분,링크 확인(본문 미검증),https://www.cnnindonesia.com/internasional/20230526204255-106-954603/45-wni-jadi-korban-perusahaan-scammer-kbri-laos-desak-tindak-lanjut,,LA-2023-05,
A006,2023-05-29,2023,ANTARA,Sejumlah WNI yang paspornya ditahan di Laos telah dipulangkan,라오스,,착취/송환,45,,,,,여권 압수·이동 제한,피해자,가능성/선별,37명 송환·잔여 8명 지원,상,부분,본문 확인,https://www.antaranews.com/berita/3560850/sejumlah-wni-yang-paspornya-ditahan-di-laos-telah-dipulangkan,회사 측 여권 보관 때문에 귀환이 제한된 사례로 보도된다.,LA-2023-05,
C006,2023-05-29,2023,CNN Indonesia,37 WNI korban perusahaan scammer di Laos pulang ke Indonesia,라오스,,송환,37,,,,,,피해자,가능성/선별,송환,중,메타,링크 확인(본문 미검증),https://www.cnnindonesia.com/internasional/20230529113245-106-955199/37-wni-korban-perusahaan-scammer-di-laos-pulang-ke-indonesia,,LA-2023-05,
D004,2023-05-31,2023,Detik,Ada WNI korban TPPO malah balik lagi ke perusahaan online scams di LN,동남아 다국가,,분류/재이주,,,,,,,혼합/경계,명시,재유입 원인 문제제기,상,심층,검색결과 확인,https://news.detik.com/berita/d-6748456/ada-wni-korban-tppo-malah-balik-lagi-ke-perusahaan-online-scams-di-ln,송환 뒤 다시 스캠업체로 향한 사례를 통해 피해·자발성·경제적 유인의 경계를 드러낸다.,RETURN-SCAM-2023,
D005,2023-05-31,2023,Detik,Terungkap WNI korban TPPO balik kerja lagi ke bisnis online scams,동남아 다국가,,분류/재이주,,,,,,,혼합/경계,명시,정부 설명,중,부분,검색결과 확인,https://news.detik.com/berita/d-6749865/terungkap-wni-korban-tppo-balik-kerja-lagi-ke-bisnis-online-scams,,RETURN-SCAM-2023,동일 사건의 후속·중복 가능
C007,2023-06-02,2023,CNN Indonesia,Kemlu ungkap tren WNI korban TPPO balik jadi scammer usai dipulangkan,동남아 다국가,,분류/재이주,,,,,,,혼합/경계,명시,재유입 추세 설명,상,심층,검색결과 확인,https://www.cnnindonesia.com/internasional/20230602192504-106-957070/kemlu-ungkap-tren-wni-korban-tppo-balik-jadi-scammer-usai-dipulangkan,피해자로 송환된 뒤 다시 스캠노동에 참여하는 현상을 제시해 피해자/가해자 이분법의 한계를 보여준다.,RETURN-SCAM-2023,
A007,2023-06-08,2023,ANTARA 지역판,Kemlu imbau warga waspada online scam tawaran kerja di luar negeri,동남아 다국가,,모집/경고,,소셜미디어,,고임금·쉬운 지원조건,,,구조/정책,명시,외교부 구직 경고,상,심층,검색결과 확인,https://sulteng.antaranews.com/berita/271908/kemlu-imbau-warga-waspada-online-scam-tawaran-kerja-di-luar-negeri,"높은 급여, 간단한 지원절차, 등록되지 않은 회사가 위험 신호로 제시된다.",RECRUIT-WARN-2023,
A008,2023-07-07,2023,ANTARA,Kemlu telah tangani sedikitnya 2.300 kasus WNI korban online scam,동남아 다국가,,규모/통계,"2,300",,,,,,피해자,가능성/선별,외교부 사건 처리,중,메타,본문 확인,https://www.antaranews.com/berita/3624765/kemlu-telah-tangani-sedikitnya-2300-kasus-wni-korban-online-scam,,REG-2023,
A009,2023-07-21,2023,ANTARA,Ada lebih 2.400 kasus WNI korban perdagangan orang dalam dua tahun,동남아 다국가,,규모/TPPO,"2,400+",,,,,,피해자,명시,정부 집계,중,메타,본문 확인,https://www.antaranews.com/berita/3646128/ada-lebih-2400-kasus-wni-korban-perdagangan-orang-dalam-dua-tahun,,REG-2023,
D006,2023-07-30,2023,Detik,Atase Kejaksaan di Bangkok dampingi 6 WNI korban TPPO segera dibawa ke RI,미얀마,Myawaddy,강제노동/송환,6,,,,,약 3개월간 스캐머 강요,피해자,명시,태국 경유 송환,상,부분,검색결과 확인,https://news.detik.com/berita/d-6849540/atase-kejaksaan-di-bangkok-dampingi-6-wni-korban-tppo-segera-dibawa-ke-ri,,MY-6-2023,
A010,2023-09-15,2023,ANTARA 지역판,Jateng imbau warga waspadai sindikat TPPO modus kerja luar negeri,동남아 다국가,,모집/경고,,소셜미디어 광고,,"월 최대 US$1,200·대형 보너스",,,구조/정책,명시,지방정부 경고,상,심층,검색결과 확인,https://jateng.antaranews.com/berita/507678/jateng-imbau-warga-waspadai-sindikat-tppo-modus-kerja-luar-negeri,"고액 급여와 보너스, 간소한 행정절차를 강조하는 온라인 해외취업 광고의 위험성을 설명한다.",RECRUIT-WARN-2023,
S002,2023-09-24,2023,Suara,"2 WNI dijadikan penipu online di Kamboja, begini kata KBRI Phnom Penh",캄보디아,,직무전환/착취,2,,온라인 도박,,,온라인 사기노동으로 직무전환,피해자,명시,KBRI 지원,상,부분,검색결과 확인,https://www.suara.com/news/2023/09/24/215700/2-wni-dijadikan-penipu-online-di-kamboja-begini-kata-kbri-phnom-penh,,KH-2-2023,
C008,2023-09-29,2023,CNN Indonesia,2 WNI korban TPPO judi online disekap-diborgol di Kamboja,캄보디아,,착취/폭력,2,,온라인 도박,,,감금·수갑·이동제한,피해자,명시,영사·경찰 대응,상,부분,검색결과 확인,https://www.cnnindonesia.com/internasional/20230929141746-106-1005175/2-wni-korban-tppo-judi-online-disekap-diborgol-di-kamboja,,KH-2-2023,
A011,2023-11-08,2023,ANTARA,Mengenal cara kerja sindikat online scamming TPPO,동남아 다국가,,구조/모집/TPPO,,소셜미디어·비공식 모집,,,,,구조/정책,명시,범죄구조 설명,상,부분,검색결과 확인,https://www.antaranews.com/berita/3812742/mengenal-cara-kerja-sindikat-online-scamming-tppo,,STRUCTURE-2023,
C009,2024-03-06,2024,CNN Indonesia,Kemlu RI: 3.428 WNI terlibat kasus online scam selama 2020-2023,동남아 다국가,,규모/통계,"3,428",,,,,,혼합/경계,가능성/선별,외교부 집계,중,메타,링크 확인(본문 미검증),https://www.cnnindonesia.com/internasional/20240306095004-106-1070992/kemlu-ri-3428-wni-terlibat-kasus-online-scam-selama-2020-2023,,REG-2024,
D007,2024-03-26,2024,Detik/BBC Indonesia,Keluarga WNI korban sindikat penipuan di Myanmar tuntut kepastian,미얀마,Myawaddy,모집/증언/착취,,,IT·태국 휴대전화 공장·관리/통역,월 Rp10–20백만 또는 Rp17백만,태국 취업으로 안내 후 보트로 미얀마 이동,타이핑훈련 후 사기강요·감금·전기충격·채찍·폭행·수면제한,피해자,명시,가족 구조요청,상,심층,본문 확인,https://news.detik.com/bbc-world/d-7261730/keluarga-wni-korban-sindikat-penipuan-di-myanmar-tuntut-kepastian,합법적 기술·공장 일자리로 포장된 모집이 국경 이동과 강제 사기노동으로 전환되는 과정을 상세히 보여준다.,MY-BBC-2024,
N001,2024-10-19,2024,CNBC Indonesia,"Dubes RI di Thailand buka suara, online scam internasional seret WNI",동남아 다국가,,지역구조/보호,,,,,,,혼합/경계,명시,외교 경고,중,메타,검색결과 확인,https://www.cnbcindonesia.com/news/20241019160011-4-581050/dubes-ri-di-thailand-buka-suara-online-scam-internasional-seret-wni,,REG-2024,
C010,2024-12-25,2024,CNN Indonesia,Kemlu RI beber ribuan WNI sengaja pilih jadi scammer di luar negeri,동남아 다국가,,프레이밍/자발성,,,,고소득 기대,,,가해자,부정/미확인,정부 자발성 프레임,상,심층,검색결과 확인,https://www.cnnindonesia.com/internasional/20241225140114-106-1180930/kemlu-ri-beber-ribuan-wni-sengaja-pilih-jadi-scammer-di-luar-negeri,정부가 일부 인도네시아인의 스캠노동 선택을 자발적·고소득 추구로 설명하는 대표적 기사다.,VOLUNTARY-2024,
C011,2024-12-28,2024,CNN Indonesia,"WNI asal Tanjung Pinang ngaku disekap di Kamboja, Kemlu turun tangan",캄보디아,,사례/감금,1,,,,,감금,피해자,가능성/선별,외교부 개입,상,부분,검색결과 확인,https://www.cnnindonesia.com/internasional/20241228175153-106-1181825/wni-asal-tanjung-pinang-ngaku-disekap-di-kamboja-kemlu-turun-tangan,,KH-TANJUNGPINANG-2024,
C012,2025-02-14,2025,CNN Indonesia,30 WNI korban TPPO di Manila dipaksa jadi pekerja online scam,필리핀,Manila,강제노동/구조,30,,,,,온라인 사기노동 강요,피해자,명시,구조·송환,상,부분,검색결과 확인,https://www.cnnindonesia.com/internasional/20250214192844-106-1198498/30-wni-korban-tppo-di-manila-dipaksa-jadi-pekerja-online-scam,,PH-30-2025,
C013,2025-02-27,2025,CNN Indonesia,84 WNI korban online scam di Myanmar diserahkan ke Thailand,미얀마,,대피/송환,84,,,,미얀마→태국,,피해자,가능성/선별,태국 인계,중,메타,검색결과 확인,https://www.cnnindonesia.com/internasional/20250227172608-106-1203218/84-wni-korban-online-scam-di-myanmar-diserahkan-ke-thailand,,MY-554-2025,
C014,2025-03-15,2025,CNN Indonesia,RI akan pulangkan 554 WNI korban online scam dari Myawaddy Myanmar,미얀마,Myawaddy,송환/규모,554,,,,,,피해자,가능성/선별,대규모 송환,중,메타,링크 확인(본문 미검증),https://www.cnnindonesia.com/internasional/20250315133124-106-1209172/ri-akan-pulangkan-554-wni-korban-online-scam-dari-myawaddy-myanmar,,MY-554-2025,
N002,2025-03-18,2025,CNBC Indonesia,Pemerintah RI pulangkan 554 WNI korban online scam di Myanmar,미얀마,,송환/규모,554,,,,,,피해자,가능성/선별,대규모 송환,중,메타,검색결과 확인,https://www.cnbcindonesia.com/news/20250318133957-4-619591/pemerintah-ri-pulangkan-554-wni-korban-online-scam-di-myanmar,,MY-554-2025,
C015,2025-03-18,2025,CNN Indonesia,400 WNI korban online scam berhasil diselamatkan dari Myanmar,미얀마,,구조/송환,400,,,,,,피해자,가능성/선별,구조·1차 귀환,중,메타,링크 확인(본문 미검증),https://www.cnnindonesia.com/internasional/20250318073535-106-1209985/400-wni-korban-online-scam-berhasil-diselamatkan-dari-myanmar,,MY-554-2025,
D008,2025-03-18,2025,Detik,400 WNI korban online scam di Myanmar dipulangkan hari ini,미얀마,,송환/규모,400,,,,,,피해자,가능성/선별,대규모 송환,중,메타,링크 확인(본문 미검증),https://news.detik.com/berita/d-7828670/400-wni-korban-online-scam-di-myanmar-dipulangkan-hari-ini,,MY-554-2025,
L002,2025-03-18,2025,Liputan6,554 WNI korban penipuan online dipulangkan bertahap dari Myanmar,미얀마,,송환/규모,554,,,,,,피해자,가능성/선별,단계적 송환,중,메타,링크 확인(본문 미검증),https://www.liputan6.com/news/read/5966051/554-wni-korban-penipuan-online-dipulangkan-bertahap-dari-myanmar,,MY-554-2025,
L003,2025-03-18,2025,Liputan6,Kemlu pastikan 400 WNI korban eksploitasi online scam pulang ke Indonesia,미얀마,,착취/송환,400,,,,,,피해자,가능성/선별,귀환,중,메타,링크 확인(본문 미검증),https://www.liputan6.com/hot/read/5965900/kemlu-pastikan-400-wni-korban-eksploitasi-online-scam-pulang-ke-indonesia,,MY-554-2025,
A012,2025-03-19,2025,ANTARA,SBMI: Repatriasi korban online scam tak boleh jadi akhir pelindungan,미얀마,Myawaddy,보호/정책,,,,,,,피해자,명시,송환 이후 재활·법적보호 요구,상,메타,본문 확인,https://www.antaranews.com/berita/4721013/sbmi-repatriasi-korban-online-scam-tak-boleh-jadi-akhir-pelindungan,,MY-2025-03,
A013,2025-03-21,2025,ANTARA,Kemlu masih terima pengaduan WNI di perusahaan online scam Myawaddy,미얀마,Myawaddy,규모/보호,569(대피),,,,,,피해자,가능성/선별,대피·영사 접수,중,메타,본문 확인,https://www.antaranews.com/berita/4726833/kemlu-masih-terima-pengaduan-wni-di-perusahaan-online-scam-myawaddy,,MY-2025-03,
D009,2025-03-21,2025,Detik,Sindikat scam online WNI di Myanmar tawari korban jadi CS gaji belasan juta,미얀마,Myawaddy,모집/착취,,Facebook·Instagram·Telegram,고객서비스(CS),월 Rp10–15백만,,전화번호 목표·폭력·임금 삭감,피해자,명시,정부·경찰 경고,상,심층,본문 확인,https://news.detik.com/berita/d-7835416/sindikat-scam-online-wni-di-myanmar-tawari-korban-jadi-cs-gaji-belasan-juta,"SNS의 고객서비스 구인과 높은 급여가 유인책으로 사용되고, 도착 뒤 실적목표와 폭력·임금삭감이 부과된다.",MY-CS-2025,
L004,2025-03-21,2025,Liputan6,"Ratusan WNI jadi korban modus kejahatan online scam di Myanmar, salah siapa?",미얀마,,구조/책임,,,,,,,구조/정책,명시,책임·예방 논쟁,상,부분,검색결과 확인,https://www.liputan6.com/news/read/5969349/ratusan-wni-jadi-korban-modus-kejahatan-online-scam-di-myanmar-salah-siapa,,MY-554-2025,
L005,2025-04-02,2025,Liputan6,Menteri Abdul Kadir larang warga Indonesia kerja di 3 negara ini,동남아 다국가,,모집/정책,,,태국 고객서비스,,태국 약속 후 미얀마 Myawaddy 이동,온라인 사기 운영 강요,피해자,명시,캄보디아·미얀마·태국 취업 경고,상,심층,검색결과 확인,https://www.liputan6.com/news/read/5983189/menteri-abdul-kadir-larang-warga-indonesia-kerja-di-3-negara-ini,고객서비스 취업을 약속받았지만 Myawaddy로 이동돼 스캠 운영자로 강제된 사례가 정책 경고의 근거로 제시된다.,MY-CS-2025,
L006,2025-04-15,2025,Liputan6,"Larangan WNI kerja di Thailand, Myanmar, Kamboja dan kisah pilu korban TPPO sindikat scamming",동남아 다국가,,모집/착취/정책,,Facebook·Instagram·Telegram,고객서비스 등,월 Rp10–15백만·항공권/비용,,실적목표·폭력·임금삭감,피해자,명시,취업 금지·예방,상,심층,본문 확인,https://www.liputan6.com/news/read/5995737/larangan-wni-kerja-di-thailand-myanmar-kamboja-dan-kisah-pilu-korban-tppo-sindikat-scamming,"플랫폼 광고, 고임금과 이동비용 제공, 도착 후 실적목표·폭력·임금삭감으로 이어지는 전형을 종합한다.",RECRUIT-PATTERN-2025,
L007,2025-04-17,2025,Liputan6,"Komdigi gencar awasi info loker ke Kamboja dan Myanmar, banyak terindikasi scamming",동남아 다국가,,플랫폼 거버넌스/광고,,온라인 구인·소셜미디어,,고임금·가짜 직무,,,구조/정책,명시,구인정보 모니터링·삭제,상,심층,검색결과 확인,https://www.liputan6.com/news/read/5997986/komdigi-gencar-awasi-info-loker-ke-kamboja-dan-myanmar-banyak-terindikasi-scamming,정부가 캄보디아·미얀마행 온라인 구인정보를 위험 콘텐츠로 감시·차단하는 플랫폼 규제 사례다.,PLATFORM-GOV-2025,
A014,2025-04-24,2025,ANTARA,Kemlu RI masih terima 30 pengaduan WNI korban online scam di Myanmar,미얀마,,규모/보호,"30(신규), 7,027(누적)",,,,,,피해자,가능성/선별,영사 접수,중,메타,검색결과 확인,https://www.antaranews.com/berita/4791909/kemlu-ri-masih-terima-30-pengaduan-wni-korban-online-scam-di-myanmar,,MY-2025,
D010,2025-04-30,2025,Detik/BBC Indonesia,"Makin banyak WNI pergi ke Kamboja, mengapa ini bermasalah?",캄보디아,,구조/동기,,소셜미디어,,고임금·빠른 신분상승 기대,,,구조/정책,가능성/선별,추세 분석,상,심층,검색결과 확인,https://news.detik.com/bbc-world/d-7893006/makin-banyak-wni-pergi-ke-kamboja-mengapa-ini-bermasalah,,GENZ-KH-2025,
D011,2025-07-18,2025,Detik Jogja,Wanita asal Jogja kena tipu jadi scammer di Kamboja usai ditawari kerja resto,캄보디아,,모집/이동/착취,1,Facebook·WhatsApp,태국 식당 주방,월 US$900,호찌민 항공편 후 육로·오토바이로 캄보디아 이동,Telegram 사기·월 Rp3억 목표·임금삭감·벌금,피해자,명시,구조·수사,상,심층,본문 확인,https://www.detik.com/jogja/berita/d-8018147/wanita-asal-jogja-kena-tipu-jadi-scamer-di-kamboja-usai-ditawari-kerja-resto,"Facebook 구직, WhatsApp 면접, 제3국 항공편과 육로 이동, Telegram을 이용한 사기노동이 하나의 모집사슬로 연결된다.",KH-JOGJA-2025,
D012,2025-07-19,2025,Detik,"Wanita Jogja dipaksa jadi scammer di Kamboja, disetrum bila tak capai target",캄보디아,,착취/폭력,1,,,,,실적 미달 시 전기충격·폭행,피해자,명시,경찰 수사,상,부분,검색결과 확인,https://news.detik.com/berita/d-8018712/wanita-jogja-dipaksa-jadi-scammer-di-kamboja-disetrum-bila-tak-capai-target,,KH-JOGJA-2025,D011 후속 기사
T002,2025-07-22,2025,Tirto,339 WNI ditangkap di Kamboja diduga terlibat penipuan online,캄보디아,,체포/분류,339,,,,,,가해자,부정/미확인,현지 단속·영사 확인,상,부분,검색결과 확인,https://tirto.id/339-wni-ditangkap-di-kamboja-diduga-terlibat-penipuan-online-heEM,,KH-339-2025,
L008,2025-07-27,2025,Liputan6 Cek Fakta,"Calon pekerja migran, hindarilah tawaran kerja yang berujung TPPO",동남아 다국가,,모집/예방,,Facebook,,월 Rp16–30백만·무경력 가능,,,구조/정책,명시,디지털 리터러시 경고,상,심층,본문 확인,https://www.liputan6.com/cek-fakta/read/6116189/calon-pekerja-migran-hindarilah-tawaran-kerja-yang-berujung-tppo,무경력자에게도 매우 높은 급여를 제시하는 Facebook 해외구인 광고를 대표적 위험 신호로 제시한다.,RECRUIT-WARN-2025,
D013,2025-07-29,2025,Detik/BBC Indonesia,Kesaksian WNI korban kekerasan seks di pusat judi online Kamboja,캄보디아,,착취/증언,,,온라인 도박 관련 업무,,,성폭력·신체폭력·경제적 착취,피해자,명시,피해 증언·보호 요구,상,심층,검색결과 확인,https://news.detik.com/bbc-world/d-8034277/kesaksian-wni-korban-kekerasan-seks-di-pusat-judi-online-kamboja,,KH-SEXUALVIOLENCE-2025,
A015,2025-10-20,2025,ANTARA,"Kemlu catat 10.000 kasus online scam oleh WNI, beraksi sampai Afsel",동남아 다국가,,규모/분류,"10,000+",,,,,,혼합/경계,명시,피해자·자발 참여자 선별,상,심층,본문 확인,https://www.antaranews.com/berita/5186917/kemlu-catat-10000-kasus-online-scam-oleh-wni-beraksi-sampai-afsel,"약 1,500건은 TPPO로 분류되지만 다른 사례에는 자발적 취업·범죄 가담 가능성이 있다고 구분한다.",FRAME-2025,
N003,2025-10-20,2025,CNBC Indonesia,"97 WNI terlibat kerusuhan di Kamboja, pemerintah RI buka suara",캄보디아,,탈출/프레이밍,97,,,,,,혼합/경계,가능성/선별,영사 대응,상,부분,검색결과 확인,https://www.cnbcindonesia.com/news/20251020165524-4-677608/97-wni-terlibat-kerusuhan-di-kamboja-pemerintah-ri-buka-suara,,KH-97-2025,
C016,2025-10-20,2025,CNN Indonesia,86 WNI ditangkap usai berontak-kabur dari kantor online scam Kamboja,캄보디아,,탈출/체포,86,,,,,,혼합/경계,가능성/선별,체포·영사 대응,상,부분,링크 확인(본문 미검증),https://www.cnnindonesia.com/internasional/20251020161436-106-1286537/86-wni-ditangkap-usai-berontak-kabur-dari-kantor-online-scam-kamboja,,KH-97-2025,
D014,2025-10-20,2025,Detik,97 WNI kabur dari perusahaan online scam Kamboja,캄보디아,,탈출/단속,97,,,,,,피해자,가능성/선별,영사 지원,중,메타,검색결과 확인,https://news.detik.com/berita/d-8168902/97-wni-kabur-dari-perusahaan-online-scam-kamboja,,KH-97-2025,
D015,2025-10-20,2025,Detik,"Kemlu ungkap WNI korban TPPO online scam rata-rata Gen Z, ada lulusan S2",동남아 다국가,,피해자 특성/구조,"약 1,500(TPPO)",,,,,,피해자,명시,프로파일 공개·예방,상,부분,검색결과 확인,https://news.detik.com/berita/d-8170084/kemlu-ungkap-wni-korban-tppo-online-scam-rata-rata-gen-z-ada-lulusan-s2,,PROFILE-2025,
N004,2025-10-21,2025,CNBC Indonesia,"Love scam makin ngeri, jerat ribuan WNI tertipu pergi ke luar negeri",동남아 다국가,,구조/규모,,,,,,,피해자,명시,예방 경고,중,메타,검색결과 확인,https://www.cnbcindonesia.com/news/20251021113818-4-677811/love-scam-makin-ngeri-jerat-ribuan-wni-tertipu-pergi-ke-luar-negeri,,REG-2025,
D016,2025-10-21,2025,Detik,5 fakta 97 WNI kabur dari online scam di Kamboja,캄보디아,,탈출/분류,97,,,,,,혼합/경계,가능성/선별,사건 정리,중,메타,검색결과 확인,https://news.detik.com/berita/d-8170464/5-fakta-97-wni-kabur-dari-online-scam-di-kamboja,,KH-97-2025,D014 후속·요약
D017,2025-10-21,2025,Detik,KP2MI pastikan 110 WNI korban scam online di Kamboja dalam kondisi aman,캄보디아,,보호/송환,110,,,,,,피해자,가능성/선별,안전 확인·송환 준비,중,메타,검색결과 확인,https://news.detik.com/berita/d-8171865/kp2mi-pastikan-110-wni-korban-scam-online-di-kamboja-dalam-kondisi-aman,,KH-110-2025,
N005,2025-10-22,2025,CNBC Indonesia,110 WNI korban online scam di Kamboja akan dipulangkan,캄보디아,,송환,110,,,,,,피해자,가능성/선별,송환,중,메타,검색결과 확인,https://www.cnbcindonesia.com/news/20251022195506-4-678420/110-wni-korban-online-scam-di-kamboja-akan-dipulangkan,,KH-110-2025,
C017,2025-10-22,2025,CNN Indonesia,Menlu soal WNI di online scam Kamboja: Belum tentu semua mau pulang,캄보디아,,분류/귀환의사,,,,,,,혼합/경계,가능성/선별,귀환 의사 확인,상,부분,검색결과 확인,https://www.cnnindonesia.com/internasional/20251022155128-106-1287371/menlu-soal-wni-di-online-scam-kamboja-belum-tentu-semua-mau-pulang,,KH-110-2025,
D018,2025-10-22,2025,Detik,"Menlu ungkap 110 WNI kabur dari online scam Kamboja, ada yang tak mau pulang",캄보디아,,분류/귀환의사,110,,,,,,혼합/경계,가능성/선별,귀환의사·역할 확인,상,부분,검색결과 확인,https://news.detik.com/berita/d-8173968/menlu-ungkap-110-wni-kabur-dari-online-scam-kamboja-ada-yang-tak-mau-pulang,,KH-110-2025,
D019,2025-10-23,2025,Detik,Menteri P2MI pastikan 110 WNI korban online scam Kamboja segera dipulangkan,캄보디아,,송환,110,,,,,,피해자,가능성/선별,송환 계획,중,메타,검색결과 확인,https://news.detik.com/berita/d-8174869/menteri-p2mi-pastikan-110-wni-korban-online-scam-kamboja-segera-dipulangkan,,KH-110-2025,
D020,2025-10-24,2025,Detik,Menteri P2MI: 110 WNI korban scam di Kamboja wajib pulang,캄보디아,,송환/통제,110,,,,,,혼합/경계,가능성/선별,강제 귀환 주장,상,부분,검색결과 확인,https://news.detik.com/berita/d-8176689/menteri-p2mi-110-wni-korban-scam-di-kamboja-wajib-pulang-nanti-masalah-lagi,,KH-110-2025,
C018,2025-10-27,2025,CNN Indonesia,Kemlu RI beber kondisi WNI korban scam Kamboja usai diteror sindikat,캄보디아,,착취/보호,,,,,,조직의 협박·위협,피해자,가능성/선별,보호·송환,상,부분,링크 확인(본문 미검증),https://www.cnnindonesia.com/internasional/20251027092131-106-1288750/kemlu-ri-beber-kondisi-wni-korban-scam-kamboja-usai-diteror-sindikat,,KH-110-2025,
T003,2025-10-27,2025,Tirto,Alasan Kemlu tak semua WNI di Kamboja-Myanmar ditampung KBRI,동남아 다국가,,분류/보호범위,,,,,,,혼합/경계,가능성/선별,피해자성 평가 후 보호,상,심층,검색결과 확인,https://tirto.id/alasan-kemlu-tak-semua-wni-di-kamboja-myanmar-ditampung-kbri-hkuL,,FRAME-2025,
A016,2025-10-29,2025,ANTARA,Kemlu RI pulangkan 26 WNI terlibat aktivitas online scam di Myanmar,미얀마,,송환/분류,26,,,,,,혼합/경계,가능성/선별,25명 평가·1명 모집책 혐의,상,부분,본문 확인,https://www.antaranews.com/berita/5207269/kemlu-ri-pulangkan-26-wni-terlibat-aktivitas-online-scam-di-myanmar,,MY-KKPARK-2025,
A017,2025-10-30,2025,ANTARA,Kemlu: WNI eks KK Park perlu jalani asesmen sebelum dipulangkan,미얀마,KK Park,분류/송환,,,,,,,혼합/경계,가능성/선별,개별 평가,상,부분,본문 확인,https://www.antaranews.com/berita/5210237/kemlu-wni-eks-kk-park-perlu-jalani-asesmen-sebelum-dipulangkan,,MY-KKPARK-2025,
A018,2025-11-13,2025,ANTARA,"KBRI Phnom Penh: 107 WNI tersangka penipuan daring sehat, siap pulang",캄보디아,Phnom Penh,체포/송환,107,,,,,,가해자,부정/미확인,용의자 송환,상,부분,본문 확인,https://www.antaranews.com/berita/5240117/kbri-phnom-penh-107-wni-tersangka-penipuan-daring-sehat-siap-pulang,,KH-SUSPECT-2025,
A019,2025-11-19,2025,ANTARA,KBRI bantu pulangkan WNI usai keluar dari sindikat penipuan daring,캄보디아,,사례/분류,1,소셜미디어,,,,,혼합/경계,부정/미확인,영사 지원,상,심층,검색결과 확인,https://www.antaranews.com/berita/5253377/kbri-bantu-pulangkan-wni-usai-keluar-dari-sindikat-penipuan-daring,당사자가 소셜미디어에서 구인정보를 보고 캄보디아행을 인지했으며 강압이 없었다고 진술한 사례다.,VOLUNTARY-2025,
C019,2025-11-19,2025,CNN Indonesia,Kemlu sebut kiper Bandung di Kamboja bukan korban TPPO tapi nyasar,캄보디아,,사례/분류,1,소셜미디어,,,,,혼합/경계,부정/미확인,영사 지원,상,심층,검색결과 확인,https://www.cnnindonesia.com/internasional/20251119182230-106-1297243/kemlu-sebut-kiper-bandung-di-kamboja-bukan-korban-tppo-tapi-nyasar,소셜미디어 구인을 보고 목적지를 알고 출국했으며 강압이 없었다는 정부 평가가 제시된다.,VOLUNTARY-2025,
A020,2025-11-21,2025,ANTARA,KBRI: 48 WNI diciduk di sentra online scam Myanmar,미얀마,,단속/분류,48,,,,,,혼합/경계,가능성/선별,단속 후 신원·역할 확인,중,메타,검색결과 확인,https://www.antaranews.com/berita/5257913/kbri-48-wni-diciduk-di-sentra-online-scam-myanmar,,MY-RAID-2025,
A021,2025-12-08,2025,ANTARA,KBRI: 56 WNI terjaring operasi online scam Myanmar dipulangkan,미얀마,,단속/송환,56,,,,,,혼합/경계,가능성/선별,송환,중,메타,검색결과 확인,https://www.antaranews.com/berita/5293309/kbri-56-wni-terjaring-operasi-online-scam-myanmar-dipulangkan,,MY-RAID-2025,
N006,2025-12-13,2025,CNBC Indonesia,54 WNI korban online scam di Myanmar akhirnya dipulangkan,미얀마,,송환,54,,,,,,피해자,가능성/선별,송환,중,메타,검색결과 확인,https://www.cnbcindonesia.com/news/20251213170923-4-693926/54-wni-korban-online-scam-di-myanmar-akhirnya-dipulangkan,,MY-RAID-2025,
C020,2025-12-26,2025,CNN Indonesia,Kemlu pulangkan 9 WNI korban penipuan online dari Kamboja,캄보디아,,송환/피해,9,,,,,,피해자,명시,송환,중,메타,검색결과 확인,https://www.cnnindonesia.com/internasional/20251226171206-106-1310916/kemlu-pulangkan-9-wni-korban-penipuan-online-dari-kamboja,,KH-9-2025,
K001,2025-12-26,2025,Kumparan,"Pilu 9 WNI diperdaya jadi scammer di Kamboja, 1 orang hamil 6 bulan disiksa",캄보디아,,모집/착취,9,,온라인도박 관리자 등,,,감금·폭행·임신부 학대·사기강요,피해자,명시,구조·송환,상,심층,검색결과 확인,https://kumparan.com/kumparannews/pilu-9-wni-diperdaya-jadi-scammer-di-kamboja-1-orang-hamil-6-bulan-disiksa-26Vo5FdBOeh,,KH-9-2025,
A022,2025-12-27,2025,ANTARA 지역판,Polri: Korban TPPO di Kamboja dijanjikan jadi operator komputer,캄보디아,,모집/착취,,,컴퓨터 운영자,월 Rp9백만,,여권 압수·사기노동 강요·처벌,피해자,명시,경찰 수사,상,심층,검색결과 확인,https://jambi.antaranews.com/berita/642802/polri-korban-tppo-di-kamboja-dijanjikan-jadi-operator-komputer,컴퓨터 운영자로 채용한다는 약속과 달리 여권을 빼앗고 온라인 사기를 강요한 사례다.,KH-OPERATOR-2025,
K002,2025-12-27,2025,Kumparan,Polri: 600 WNI masih terjebak jaringan online scam di Kamboja,캄보디아,,규모/구조,600,,,,,,피해자,명시,경찰 구조·수사,중,메타,검색결과 확인,https://kumparan.com/kumparannews/polri-600-wni-masih-terjebak-jaringan-online-scam-di-kamboja-26Vq4trUWdZ,,KH-2025-12,
L009,2025-12-28,2025,Liputan6,Modus perdagangan orang WNI di Kamboja: dijanjikan kerja operator komputer bergaji Rp 9 juta,캄보디아,,모집/착취,,,컴퓨터 운영자,월 Rp9백만,,여권 압수·사기노동 강요·불응 시 처벌,피해자,명시,경찰 수사,상,심층,본문 확인,https://www.liputan6.com/news/read/6245411/modus-perdagangan-orang-wni-di-kamboja-dijanjikan-kerja-operator-komputer-bergaji-rp-9-juta,합법적 디지털 직무명이 강제 스캠노동으로 전환되는 과정을 선명하게 보여준다.,KH-OPERATOR-2025,
A023,2026-01-19,2026,ANTARA,"Online scam Kamboja diberantas, ratusan WNI minta pulang ke KBRI",캄보디아,Phnom Penh,단속/송환,수백 명,,,,,,혼합/경계,가능성/선별,자진신고·추방 지원,중,메타,본문 확인,https://www.antaranews.com/berita/5359262/online-scam-kamboja-diberantas-ratusan-wni-minta-pulang-ke-kbri,,KH-CRACKDOWN-2026,
D021,2026-01-19,2026,Detik,"Bisnis online scam dibombardir, ratusan WNI di Kamboja minta pulang",캄보디아,,단속/송환,"375(1월), 243(이틀)",,,,,,혼합/경계,가능성/선별,KBRI 귀환 접수,중,메타,검색결과 확인,https://news.detik.com/berita/d-8313544/bisnis-online-scam-dibombardir-ratusan-wni-di-kamboja-minta-pulang,,KH-CRACKDOWN-2026,
K003,2026-01-19,2026,Kumparan,"Kamboja intensifkan operasi antiscam, 308 WNI minta dideportasi ke Indonesia",캄보디아,,단속/분류/송환,308,,,,,여권 압수 사례,혼합/경계,가능성/선별,추방 신청·영사 지원,상,심층,검색결과 확인,https://kumparan.com/kumparannews/kamboja-intensifkan-operasi-antiscam-308-wni-minta-dideportasi-ke-indonesia-26f77ci4wEQ,일부는 여권을 빼앗겼다고 호소하지만 다른 일부는 현지에서 새 일자리를 찾으려는 것으로 보도된다.,KH-CRACKDOWN-2026,
C021,2026-01-21,2026,CNN Indonesia,KBRI Phnom Penh tangani kasus 1.440 WNI korban penipuan online,캄보디아,Phnom Penh,규모/보호,"1,440",,,,,,피해자,가능성/선별,KBRI 접수·송환,중,메타,링크 확인(본문 미검증),https://www.cnnindonesia.com/internasional/20260121175607-106-1319440/kbri-phnom-penh-tangani-kasus-1440-wni-korban-penipuan-online,,KH-CRACKDOWN-2026,
K004,2026-01-21,2026,Kumparan,Mayoritas dari 1.440 WNI pelaku online scam di Kamboja tak punya paspor,캄보디아,,프레이밍/문서,"1,440",,,,,여권 부재·체류문제,가해자,부정/미확인,여행증명서·송환,상,심층,검색결과 확인,https://kumparan.com/kumparannews/mayoritas-dari-1-440-wni-pelaku-online-scam-di-kamboja-tak-punya-paspor-26g1cwPeRHS,,FRAME-KH-2026,
A024,2026-01-22,2026,ANTARA,KBRI Phnom Penh perkuat penanganan WNI terindikasi korban TPPO,캄보디아,Phnom Penh,분류/보호,"1,726",,,,,,혼합/경계,가능성/선별,TPPO 지표 평가,상,메타,본문 확인,https://www.antaranews.com/berita/5368026/kbri-phnom-penh-perkuat-penanganan-wni-terindikasi-korban-tppo,,KH-CRACKDOWN-2026,
N007,2026-01-22,2026,CNBC Indonesia,"90 WNI korban penipuan online dipulangkan dari Myanmar, 230 menunggu",미얀마,,송환/규모,"90(귀환), 230(대기)",,,,,,피해자,가능성/선별,단계적 송환,중,메타,검색결과 확인,https://www.cnbcindonesia.com/news/20260122091042-4-704250/90-wni-korban-penipuan-online-dipulangkan-dari-myanmar-230-menunggu,,MY-2026,
C022,2026-01-22,2026,CNN Indonesia,"90 WNI dipulangkan dari Myanmar, mayoritas pekerja online scam",미얀마,,송환/분류,90,,,,,,혼합/경계,가능성/선별,송환,중,메타,링크 확인(본문 미검증),https://www.cnnindonesia.com/internasional/20260122104145-106-1319669/90-wni-dipulangkan-dari-myanmar-mayoritas-pekerja-online-scam,,MY-2026,
D022,2026-01-22,2026,Detik Finance,Bos OJK sebut WNI di Kamboja bukan korban tapi pelaku scam,캄보디아,,프레이밍/분류,,,,,,,가해자,부정/미확인,금융감독당국 발언,상,심층,검색결과 확인,https://finance.detik.com/moneter/d-8319531/bos-ojk-sebut-wni-di-kamboja-bukan-korban-tapi-pelaku-scam,,FRAME-OJK-2026,
K005,2026-01-22,2026,Kumparan,"1.726 WNI terjebak online scam datangi KBRI Kamboja, pemulangan dipercepat",캄보디아,,규모/송환,"1,726",,,,,,피해자,가능성/선별,귀환 가속,중,메타,검색결과 확인,https://kumparan.com/kumparannews/1-726-wni-terjebak-online-scam-datangi-kbri-kamboja-pemulangan-dipercepat-26gIFGd1HRG,,KH-CRACKDOWN-2026,
A025,2026-01-23,2026,ANTARA Video,KBRI Phnom Penh: 1.726 WNI kabur dari markas online scam Kamboja,캄보디아,Phnom Penh,탈출/송환,"1,726",,,,,,피해자,가능성/선별,영사관 집결·송환지원,중,메타,본문 확인,https://www.antaranews.com/video/5369542/kbri-phnom-penh-1726-wni-kabur-dari-markas-online-scam-kamboja,,KH-CRACKDOWN-2026,
K006,2026-01-23,2026,Kumparan,Perkembangan terkini upaya pemulangan WNI pekerja scam dari Kamboja,캄보디아,,송환/문서,,,,,,여권·불법체류 문제,혼합/경계,가능성/선별,문서·벌금·항공편 조정,중,메타,검색결과 확인,https://kumparan.com/kumparannews/perkembangan-terkini-upaya-pemulangan-wni-pekerja-scam-dari-kamboja-26gVOMiGwl1,,KH-CRACKDOWN-2026,
D023,2026-01-24,2026,Detik,Saat bos OJK sebut WNI di Kamboja bukan korban TPPO tapi scammer,캄보디아,,프레이밍/분류,,,,,,,가해자,부정/미확인,논쟁 재보도,상,부분,검색결과 확인,https://news.detik.com/berita/d-8322830/saat-bos-ojk-sebut-wni-di-kamboja-bukan-korban-tppo-tapi-scammer,,FRAME-OJK-2026,D022 후속·중복 가능
K007,2026-01-26,2026,Kumparan,Kapolri & Ketua Komisi III bicara nasib WNI eks scammer di Kamboja pulang ke RI,캄보디아,,프레이밍/권리,,,,,,,혼합/경계,가능성/선별,수사와 시민보호 병행 논쟁,상,심층,검색결과 확인,https://kumparan.com/kumparannews/kapolri-and-ketua-komisi-iii-bicara-nasib-wni-eks-scammer-di-kamboja-pulang-ke-ri-26hxd269Ct7,,FRAME-KH-2026,
K008,2026-01-27,2026,Kumparan,Menlu soal nasib WNI eks scammer di Kamboja: Kita serahkan ke penegak hukum,캄보디아,,프레이밍/법집행,,,,,,,가해자,부정/미확인,귀환 후 법집행기관 이관,상,부분,검색결과 확인,https://kumparan.com/kumparannews/menlu-soal-nasib-wni-eks-scammer-di-kamboja-kita-serahkan-ke-penegak-hukum-26iMo31iHcv,,FRAME-KH-2026,
T004,2026-01-27,2026,Tirto,Kemlu lakukan asesmen WNI Kamboja sebelum pemulangan ke RI,캄보디아,,분류/송환,,,,,,,혼합/경계,가능성/선별,피해자·가담자 구분 평가,상,부분,검색결과 확인,https://tirto.id/kemlu-lakukan-asesmen-wni-kamboja-sebelum-pemulangan-ke-ri-hp1n,,FRAME-KH-2026,
K009,2026-01-29,2026,Kumparan,Komisi I DPR soal WNI eks scammer di Kamboja: Kemanusiaan tak boleh diabaikan,캄보디아,,프레이밍/권리,,,,,,,혼합/경계,가능성/선별,인도주의 보호 요구,상,심층,검색결과 확인,https://kumparan.com/kumparannews/komisi-i-dpr-soal-wni-eks-scammer-di-kamboja-kemanusiaan-tak-boleh-diabaikan-26j5MhOtisN,,FRAME-KH-2026,
T005,2026-01-29,2026,Tirto,"Dipulangkan dari Kamboja, WNI korban atau pelaku scam?",캄보디아,,프레이밍/분류,,,,,,,혼합/경계,가능성/선별,법적·정책 논쟁,상,심층,검색결과 확인,https://tirto.id/dipulangkan-dari-kamboja-wni-korban-atau-pelaku-scam-hp2F,귀환자를 피해자 또는 범죄 가담자로 분류하는 기준과 그 정치적 효과를 직접 문제화한다.,FRAME-KH-2026,
T006,2026-02-03,2026,Tirto,Kemlu terima 3.100 aduan WNI keluar dari sindikat scam Kamboja,캄보디아,,규모/송환,"3,100",,,,,,혼합/경계,가능성/선별,신고 접수·귀환지원,중,메타,검색결과 확인,https://tirto.id/kemlu-terima-3100-aduan-wni-keluar-dari-sindikat-scam-kamboja-hqpK,,KH-CRACKDOWN-2026,
A026,2026-02-06,2026,ANTARA,KBRI catat WNI korban sindikat online scam Kamboja berangsur pulang,캄보디아,,송환/규모,"3,446(신고), 1,178(보호)",,,,,,피해자,가능성/선별,보호·귀환,중,메타,본문 확인,https://www.antaranews.com/berita/5400650/kbri-catat-wni-korban-sindikat-online-scam-kamboja-berangsur-pulang,,KH-CRACKDOWN-2026,
A027,2026-02-09,2026,ANTARA 지역판,Bareskrim Polri nilai 249 WNI yang dipulangkan dari Kamboja,캄보디아,,모집/착취/분류,249,Facebook·Telegram,전자상거래 운영·온라인도박·식당·고객서비스,월 Rp6–8백만 수준 약속,관광비자·비공식 취업,14–18시간 노동·감금·임금 미지급,혼합/경계,명시,경찰 평가·수사,상,심층,검색결과 확인,https://ambon.antaranews.com/berita/315718/bareskrim-polri-nilai-249-wni-yang-dipulangkan-dari-kamboja,"SNS로 모집된 뒤 장시간 노동, 통제, 임금 미지급에 놓인 집단 사례다.",KH-249-2026,
D024,2026-02-09,2026,Detik,249 WNI terlibat judol dipulangkan dari Kamboja usai diasesmen,캄보디아,,모집/착취/분류,249,Facebook·Telegram,전자상거래 운영·온라인도박·식당·고객서비스,월 Rp6–8백만 약속,관광비자·비공식 취업,14–18시간 노동·감금·임금 미지급,혼합/경계,명시,경찰 평가 후 송환,상,심층,본문 확인,https://news.detik.com/berita/d-8347615/249-wni-terlibat-judol-dipulangkan-dari-kamboja-usai-diasesmen,,KH-249-2026,
D025,2026-02-09,2026,Detik,Polisi ungkap modus rekrutmen 249 WNI kerja di perusahaan scam Kamboja,캄보디아,,모집/브로커,249,Facebook·Telegram,전자상거래 운영·온라인도박·식당·고객서비스,고임금·빠른 출국,관광비자,장시간 노동·통제,피해자,명시,모집책 수사,상,심층,검색결과 확인,https://news.detik.com/berita/d-8348155/polisi-ungkap-modus-rekrutmen-249-wni-kerja-di-perusahaan-scam-kamboja,,KH-249-2026,
L010,2026-02-09,2026,Liputan6,Bareskrim pulangkan 249 WNI bermasalah yang terjebak di perusahaan scam Kamboja,캄보디아,,모집/착취/송환,249,소셜미디어,,,관광비자,14–18시간 노동·통제,혼합/경계,명시,평가·송환,상,심층,검색결과 확인,https://www.liputan6.com/news/read/6275383/bareskrim-pulangkan-249-wni-bermasalah-yang-terjebak-di-perusahaan-scam-kamboja,,KH-249-2026,
S003,2026-02-09,2026,Suara,"Terjebak perdagangan orang, 249 WNI dipaksa kerja 18 jam di Kamboja-Myanmar",동남아 다국가,,모집/강제노동,249,소셜미디어,,,,최대 18시간 노동·감금·통제,피해자,명시,평가·송환,상,심층,검색결과 확인,https://www.suara.com/news/2026/02/09/191126/terjebak-perdagangan-orang-249-wni-dipaksa-kerja-18-jam-di-kambojamyanmar,,KH-249-2026,
D026,2026-02-10,2026,Detik,249 WNI kerja di perusahaan scam Kamboja direkrut lewat medsos,캄보디아,,모집/플랫폼,249,소셜미디어,,,,,피해자,명시,경찰 발표,상,부분,검색결과 확인,https://news.detik.com/berita/d-8348706/249-wni-kerja-di-perusahaan-scam-kamboja-direkrut-lewat-medsos,,KH-249-2026,D024·D025 후속
A028,2026-02-19,2026,ANTARA,RI upayakan percepatan pemulangan WNI eks online scam Kamboja,캄보디아,,송환/행정,,,,,,,중립/행정,가능성/선별,과태료 면제·여행증명·송환,중,메타,본문 확인,https://www.antaranews.com/berita/5424470/ri-upayakan-percepatan-pemulangan-wni-eks-online-scam-kamboja,,KH-CRACKDOWN-2026,
T007,2026-02-19,2026,Tirto,Kemlu RI: Tidak ditemukan WNI di Kamboja jadi korban TPPO,캄보디아,,프레이밍/분류,"3,917(평가)",,,,,,가해자,부정/미확인,정부 평가 결과 발표,상,심층,검색결과 확인,https://tirto.id/kemlu-ri-tidak-ditemukan-wni-di-kamboja-jadi-korban-tppo-hrhR,대규모 평가에서 TPPO 피해가 확인되지 않았고 일부가 불법활동을 인정했다는 정부 프레임을 전달한다.,FRAME-KH-2026,
A029,2026-02-22,2026,ANTARA,KBRI catat lonjakan kepulangan WNI eks sindikat online scam Kamboja,캄보디아,,송환/분류,462,,,,,,혼합/경계,가능성/선별,귀환 후 역할 평가,중,메타,본문 확인,https://www.antaranews.com/berita/5430910/kbri-catat-lonjakan-kepulangan-wni-eks-sindikat-online-scam-kamboja,,KH-CRACKDOWN-2026,
L011,2026-02-22,2026,Liputan6,"Buronan Interpol Rifaldo ditangkap, pelaku penipuan online dan TPPO Kamboja",캄보디아,,모집책/착취,,소셜미디어,,고임금,,여권 압수·임금 미지급·높은 퇴사비,피해자,명시,국제수배 모집책 체포,상,심층,검색결과 확인,https://www.liputan6.com/news/read/6283483/buronan-interpol-rifaldo-ditangkap-pelaku-penipuan-online-dan-tppo-kamboja,모집광고에서 현지 통제·퇴사비 부과까지 이어지는 브로커 네트워크를 추적할 수 있는 사례다.,RECRUITER-KH-2026,
T008,2026-02-22,2026,Tirto,KBRI catat lonjakan kepulangan WNI eks sindikat penipuan Kamboja,캄보디아,,송환/분류,462,,,,,,혼합/경계,가능성/선별,송환·평가,중,메타,검색결과 확인,https://tirto.id/kbri-catat-lonjakan-kepulangan-wni-eks-sindikat-penipuan-kamboja-hroW,,KH-CRACKDOWN-2026,
T009,2026-03-02,2026,Tirto,"Masalah dokumen, 15 warga Sumsel sulit pulang dari Kamboja",캄보디아,,이주문서/송환,15,,,,,여권·체류문서 문제,혼합/경계,가능성/선별,문서 해결·귀환 지원,중,메타,검색결과 확인,https://tirto.id/masalah-dokumen-15-warga-sumsel-sulit-pulang-dari-kamboja-hrSM,,KH-DOC-2026,
A030,2026-03-03,2026,ANTARA,KBRI Phnom Penh: 590 WNI pulang ke RI dalam sepekan,캄보디아,,송환/분류,"5,264(신고), 590(주간 귀환)",,,,,,혼합/경계,부정/미확인,초기 선별·송환,상,부분,본문 확인,https://www.antaranews.com/berita/5449294/kbri-phnom-penh-590-wni-pulang-ke-ri-dalam-sepekan,초기 조사에서 TPPO 지표가 확인되지 않았다는 정부 프레임이 나타난다.,KH-CRACKDOWN-2026,
A031,2026-03-27,2026,ANTARA,"WNI terlibat online scam di Kamboja lebihi 6.000, sepertiga pulang",캄보디아,,규모/송환,"6,308",,,,,,혼합/경계,가능성/선별,"2,528명 귀환·과태료 면제 협의",중,메타,본문 확인,https://www.antaranews.com/berita/5496642/wni-terlibat-online-scam-di-kamboja-lebihi-6000-sepertiga-pulang,,KH-CRACKDOWN-2026,
A032,2026-03-30,2026,ANTARA,KP2MI buru oknum perekrut WNI di sindikat penipuan daring Kamboja,캄보디아,,모집/브로커/분류,"6,308(신고)",비공식 모집망,온라인 스캠 관련 직무,,,,혼합/경계,명시,모집책 추적·피해자/가담자 선별,상,심층,본문 확인,https://www.antaranews.com/berita/5501246/kp2mi-buru-oknum-perekrut-wni-di-sindikat-penipuan-daring-kamboja,송출·모집 단계의 인도네시아인 브로커를 추적하고 귀환자의 역할을 구분하려는 정책 대응을 다룬다.,RECRUITER-KH-2026,
A033,2026-05-06,2026,ANTARA,8.000 WNI korban penipuan daring melapor ke KBRI Phnom Penh,캄보디아,,규모/송환,"8,002",,,,,,피해자,가능성/선별,"3,348명 귀환 지원·문서/체류문제 해결",중,메타,본문 확인,https://www.antaranews.com/berita/5556771/8000-wni-korban-penipuan-daring-melapor-ke-kbri-phnom-penh,,KH-CRACKDOWN-2026,
